Otitis	B-DS
media	I-DS
in	O
young	O
Aboriginal	O
children	O
from	O
remote	O
communities	O
in	O
Northern	O
and	O
Central	O
Australia	O
:	O
a	O
cross	O
-	O
sectional	O
survey	O

Background	O

Middle	B-DS
ear	I-DS
disease	I-DS
(	O
otitis	B-DS
media	I-DS
)	O
is	O
common	O
and	O
frequently	O
severe	O
in	O
Australian	O
Aboriginal	O
children	O
.	O

There	O
have	O
not	O
been	O
any	O
recent	O
large	O
-	O
scale	O
surveys	O
using	O
clear	O
definitions	O
and	O
a	O
standardised	O
middle	O
ear	O
assessment	O
.	O

The	O
aim	O
of	O
the	O
study	O
was	O
to	O
determine	O
the	O
prevalence	O
of	O
middle	B-DS
ear	I-DS
disease	I-DS
(	O
otitis	B-DS
media	I-DS
)	O
in	O
a	O
high	O
-	O
risk	O
population	O
of	O
young	O
Aboriginal	O
children	O
from	O
remote	O
communities	O
in	O
Northern	O
and	O
Central	O
Australia	O
.	O

Methods	O

709	O
Aboriginal	O
children	O
aged	O
6	O
–	O
30	O
months	O
living	O
in	O
29	O
communities	O
from	O
4	O
health	O
regions	O
participated	O
in	O
the	O
study	O
between	O
May	O
and	O
November	O
2001	O
.	O

Otitis	B-DS
media	I-DS
(	O
OM	B-DS
)	O
and	O
perforation	O
of	O
the	O
tympanic	O
membrane	O
(	O
TM	O
)	O
were	O
diagnosed	O
by	O
tympanometry	O
,	O
pneumatic	O
otoscopy	O
,	O
and	O
video	O
-	O
otoscopy	O
.	O

We	O
used	O
otoscopic	O
criteria	O
(	O
bulging	O
TM	O
or	O
recent	O
perforation	O
)	O
to	O
diagnose	O
acute	B-DS
otitis	I-DS
media	I-DS
.	O

Results	O

914	O
children	O
were	O
eligible	O
to	O
participate	O
in	O
the	O
study	O
and	O
709	O
were	O
assessed	O
(	O
78	O
%).	O

Otitis	B-DS
media	I-DS
affected	O
nearly	O
all	O
children	O
(	O
91	O
%,	O
95	O
%	O
CI	O
88	O
,	O
94	O
).	O

Overall	O
prevalence	O
estimates	O
adjusted	O
for	O
clustering	O
by	O
community	O
were	O
:	O
10	O
%	O
(	O
95	O
%	O
CI	O
8	O
,	O
12	O
)	O
for	O
unilateral	O
otitis	B-DS
media	I-DS
with	I-DS
effusion	I-DS
(	O
OME	B-DS
);	O
31	O
%	O
(	O
95	O
%	O
CI	O
27	O
,	O
34	O
)	O
for	O
bilateral	O
OME	B-DS
;	O
26	O
%	O
(	O
95	O
%	O
CI	O
23	O
,	O
30	O
)	O
for	O
acute	B-DS
otitis	I-DS
media	I-DS
without	O
perforation	O
(	O
AOM	B-DS
/	O
woP	O
);	O
7	O
%	O
(	O
95	O
%	O
CI	O
4	O
,	O
9	O
)	O
for	O
AOM	B-DS
with	O
perforation	O
(	O
AOM	B-DS
/	O
wiP	O
);	O
2	O
%	O
(	O
95	O
%	O
CI	O
1	O
,	O
3	O
)	O
for	O
dry	O
perforation	O
;	O
and	O
15	O
%	O
(	O
95	O
%	O
CI	O
11	O
,	O
19	O
)	O
for	O
chronic	B-DS
suppurative	I-DS
otitis	I-DS
media	I-DS
(	O
CSOM	B-DS
).	O

The	O
perforation	O
prevalence	O
ranged	O
from	O
0	O
–	O
60	O
%	O
between	O
communities	O
and	O
from	O
19	O
–	O
33	O
%	O
between	O
regions	O
.	O

Perforations	O
of	O
the	O
tympanic	O
membrane	O
affected	O
40	O
%	O
of	O
children	O
in	O
their	O
first	O
18	O
months	O
of	O
life	O
.	O

These	O
were	O
not	O
always	O
persistent	O
.	O

Conclusion	O

Overall	O
,	O
1	O
in	O
every	O
2	O
children	O
examined	O
had	O
otoscopic	O
signs	O
consistent	O
with	O
suppurative	O
ear	B-DS
disease	I-DS
and	O
1	O
in	O
4	O
children	O
had	O
a	O
perforated	O
tympanic	O
membrane	O
.	O

Some	O
of	O
the	O
children	O
with	O
intact	O
tympanic	O
membranes	O
had	O
experienced	O
a	O
perforation	O
that	O
healed	O
before	O
the	O
survey	O
.	O

In	O
this	O
high	O
-	O
risk	O
population	O
,	O
high	O
rates	O
of	O
tympanic	O
perforation	O
were	O
associated	O
with	O
high	O
rates	O
of	O
bulging	O
of	O
the	O
tympanic	O
membrane	O
.	O

Background	O

Middle	B-DS
ear	I-DS
disease	I-DS
(	O
otitis	B-DS
media	I-DS
)	O
is	O
common	O
and	O
frequently	O
severe	O
in	O
Australian	O
Aboriginal	O
children	O
[	O
1	O
,	O
2	O
]	O
In	O
the	O
worst	O
affected	O
communities	O
,	O
perforation	O
of	O
the	O
tympanic	O
membrane	O
(	O
TM	O
)	O
may	O
affect	O
more	O
than	O
50	O
%	O
of	O
children	O
[	O
3	O
,	O
4	O
].	O

Such	O
high	O
rates	O
have	O
not	O
been	O
described	O
consistently	O
in	O
any	O
other	O
population	O
in	O
the	O
world	O
.	O

We	O
have	O
previously	O
reported	O
the	O
early	O
onset	O
of	O
otitis	B-DS
media	I-DS
with	I-DS
effusion	I-DS
(	O
OME	B-DS
)	O
within	O
the	O
first	O
few	O
weeks	O
of	O
life	O
in	O
a	O
remote	O
Northern	O
Australian	O
community	O
[	O
5	O
].	O

In	O
the	O
same	O
community	O
,	O
we	O
found	O
acute	B-DS
otitis	I-DS
media	I-DS
(	O
AOM	B-DS
)	O
occurred	O
frequently	O
,	O
was	O
usually	O
asymptomatic	O
,	O
and	O
predicted	O
subsequent	O
perforation	O
[	O
6	O
,	O
7	O
].	O

Normal	O
TM	O
mobility	O
was	O
almost	O
never	O
seen	O
in	O
the	O
first	O
few	O
years	O
of	O
life	O
.	O

Whether	O
the	O
same	O
pattern	O
of	O
disease	O
exists	O
in	O
other	O
remote	O
Aboriginal	O
communities	O
in	O
our	O
region	O
is	O
not	O
clear	O
.	O

There	O
have	O
been	O
at	O
least	O
9	O
surveys	O
of	O
ear	B-DS
disease	I-DS
in	O
children	O
living	O
in	O
Northern	O
and	O
Central	O
Australia	O
[	O
6	O
].	O

The	O
most	O
comprehensive	O
survey	O
was	O
conducted	O
as	O
part	O
of	O
the	O
National	O
Trachoma	B-DS
and	O
Eye	O
Health	O
Program	O
in	O
the	O
late	O
1970	O
'	O
s	O
[	O
8	O
,	O
9	O
].	O

This	O
study	O
found	O
that	O
around	O
30	O
%	O
of	O
Aboriginal	O
children	O
0	O
–	O
9	O
years	O
in	O
Central	O
Australia	O
and	O
around	O
20	O
%	O
in	O
the	O
rest	O
of	O
the	O
Northern	O
Territory	O
had	O
severe	O
otitis	B-DS
media	I-DS
(	O
associated	O
with	O
a	O
perforated	O
tympanic	O
membrane	O
).	O

The	O
investigators	O
did	O
not	O
identify	O
many	O
children	O
with	O
OME	B-DS
.	O

This	O
may	O
have	O
been	O
because	O
their	O
assessment	O
did	O
not	O
include	O
either	O
tympanometry	O
or	O
pneumatic	O
otoscopy	O
.	O

There	O
have	O
not	O
been	O
any	O
recent	O
large	O
-	O
scale	O
surveys	O
using	O
clear	O
definitions	O
and	O
a	O
standardised	O
middle	O
ear	O
assessment	O
in	O
young	O
Australian	O
children	O
living	O
in	O
remote	O
Aboriginal	O
communities	O
.	O

As	O
clinicians	O
in	O
developed	O
countries	O
recognize	O
that	O
episodes	O
of	O
otitis	B-DS
media	I-DS
often	O
do	O
not	O
require	O
treatment	O
,	O
there	O
is	O
a	O
need	O
to	O
identify	O
the	O
clinical	O
features	O
of	O
otitis	B-DS
media	I-DS
associated	O
with	O
poor	O
outcome	O
.	O

A	O
better	O
understanding	O
of	O
otitis	B-DS
media	I-DS
in	O
populations	O
with	O
high	O
rates	O
of	O
perforation	O
of	O
the	O
TM	O
is	O
likely	O
to	O
be	O
helpful	O
.	O

The	O
primary	O
aim	O
of	O
this	O
study	O
was	O
to	O
measure	O
the	O
prevalence	O
of	O
different	O
types	O
of	O
otitis	B-DS
media	I-DS
in	O
young	O
Aboriginal	O
children	O
across	O
a	O
range	O
of	O
communities	O
in	O
Northern	O
and	O
Central	O
Australia	O
using	O
a	O
standardised	O
assessment	O
.	O

Secondary	O
aims	O
included	O
the	O
provision	O
of	O
diagnostic	O
and	O
management	O
training	O
for	O
health	O
staff	O
in	O
the	O
participating	O
communities	O
.	O

The	O
survey	O
was	O
conducted	O
prior	O
to	O
the	O
introduction	O
of	O
the	O
7	O
valent	O
pneumococcal	O
conjugate	O
vaccine	O
so	O
the	O
impact	O
of	O
this	O
vaccine	O
and	O
other	O
interventions	O
could	O
be	O
assessed	O
.	O

Methods	O

The	O
survey	O
was	O
conducted	O
from	O
May	O
to	O
November	O
2001	O
.	O

While	O
most	O
of	O
the	O
survey	O
took	O
place	O
over	O
the	O
Australian	O
winter	O
,	O
daytime	O
temperatures	O
are	O
warm	O
to	O
hot	O
(	O
around	O
20	O
–	O
30	O
°	O
C	O
)	O
in	O
the	O
central	O
desert	O
and	O
northern	O
tropical	O
climates	O
.	O

We	O
visited	O
in	O
29	O
remote	O
Aboriginal	O
communities	O
from	O
four	O
different	O
regions	O
:	O
Darwin	O
Rural	O
(	O
6	O
),	O
East	O
Arnhem	O
(	O
7	O
),	O
Katherine	O
District	O
(	O
5	O
)	O
and	O
Central	O
Australia	O
(	O
11	O
communities	O
).	O

The	O
Central	O
Australian	O
communities	O
included	O
4	O
communities	O
from	O
the	O
Nganampa	O
health	O
region	O
which	O
is	O
located	O
in	O
South	O
Australia	O
.	O

We	O
approached	O
community	O
councils	O
and	O
clinics	O
if	O
we	O
believed	O
that	O
:	O
i	O
)	O
most	O
clients	O
were	O
Aboriginal	O
;	O
ii	O
)	O
most	O
children	O
in	O
the	O
community	O
used	O
the	O
clinic	O
as	O
their	O
primary	O
source	O
of	O
health	O
care	O
;	O
iii	O
)	O
the	O
infant	O
immunisation	O
program	O
was	O
operating	O
effectively	O
;	O
and	O
iv	O
)	O
medical	O
records	O
documenting	O
all	O
clinic	O
presentations	O
were	O
maintained	O
.	O

We	O
did	O
not	O
approach	O
communities	O
in	O
the	O
Barkly	O
region	O
.	O

Each	O
community	O
received	O
1	O
–	O
2	O
scheduled	O
visits	O
.	O

Visits	O
were	O
extended	O
if	O
a	O
large	O
proportion	O
of	O
families	O
who	O
were	O
known	O
to	O
be	O
in	O
the	O
community	O
were	O
not	O
seen	O
.	O

Participants	O

Children	O
were	O
identified	O
from	O
the	O
Northern	O
Territory	O
birth	O
register	O
,	O
immunisation	O
register	O
,	O
and	O
clinic	O
records	O
.	O

Children	O
were	O
eligible	O
to	O
participate	O
in	O
the	O
study	O
if	O
they	O
were	O
:	O
i	O
)	O
Aboriginal	O
(	O
self	O
-	O
identified	O
);	O
ii	O
)	O
aged	O
between	O
6	O
and	O
30	O
months	O
on	O
the	O
first	O
day	O
of	O
the	O
visit	O
to	O
their	O
community	O
;	O
iii	O
)	O
resident	O
in	O
the	O
community	O
according	O
to	O
clinic	O
staff	O
(	O
not	O
including	O
out	O
-	O
stations	O
).	O

Non	O
-	O
Aboriginal	O
children	O
(<	O
5	O
%	O
of	O
permanent	O
residents	O
)	O
and	O
children	O
visiting	O
the	O
community	O
were	O
excluded	O
.	O

These	O
remote	O
Aboriginal	O
communities	O
are	O
extremely	O
disadvantaged	O
by	O
Australian	O
standards	O
.	O

English	O
is	O
generally	O
spoken	O
as	O
a	O
second	O
language	O
,	O
housing	O
is	O
overcrowded	O
,	O
and	O
employment	O
and	O
educational	O
opportunities	O
are	O
limited	O
.	O

Nearly	O
all	O
mothers	O
breast	O
feed	O
their	O
infants	O
for	O
>	O
12	O
months	O
and	O
many	O
smoke	O
.	O

Very	O
few	O
communities	O
are	O
able	O
to	O
offer	O
child	O
care	O
services	O
.	O

Most	O
houses	O
do	O
not	O
have	O
indoor	O
heating	O
.	O

Exposure	O
to	O
outdoor	O
fires	O
in	O
the	O
dry	O
season	O
is	O
frequent	O
.	O

Children	O
are	O
generally	O
part	O
of	O
large	O
extended	O
families	O
and	O
have	O
many	O
'	O
siblings	O
'.	O

Malnutrition	B-DS
,	O
lower	B-DS
respiratory	I-DS
tract	I-DS
infections	I-DS
,	O
diarrhea	O
,	O
and	O
skin	B-DS
infections	I-DS
are	O
common	O
illnesses	O
and	O
the	O
main	O
causes	O
of	O
admission	O
to	O
hospital	O
.	O

Uptake	O
of	O
scheduled	O
immunisations	O
is	O
very	O
good	O
.	O

Primary	O
health	O
care	O
in	O
all	O
the	O
participating	O
communities	O
follows	O
the	O
clinical	O
practice	O
guidelines	O
of	O
the	O
Central	O
Australian	O
Rural	O
Practitioners	O
Association	O
Standard	O
Treatment	O
Manual	O
.	O

This	O
recommends	O
antibiotic	O
treatment	O
of	O
all	O
episodes	O
of	O
acute	B-DS
otitis	I-DS
media	I-DS
for	O
5	O
days	O
with	O
either	O
amoxicillin	O
40	O
–	O
60	O
mg	O
/	O
kg	O
/	O
day	O
or	O
cotrimoxazole	O
2	O
.	O
4	O
/	O
12	O
–	O
4	O
/	O
20	O
mg	O
/	O
kg	O
/	O
day	O
or	O
procaine	O
penicillin	O
40	O
–	O
60	O
mg	O
/	O
kg	O
/	O
day	O
[	O
10	O
].	O

Episodes	O
of	O
severe	O
otitis	B-DS
media	I-DS
were	O
most	O
often	O
associated	O
with	O
infection	B-DS
with	O
one	O
or	O
more	O
types	O
of	O
Streptococcus	B-OG
pneumoniae	I-OG
or	O
Haemophilus	B-OG
influenzae	I-OG
(	O
and	O
frequently	O
both	O
).	O

At	O
the	O
time	O
of	O
this	O
survey	O
,	O
infection	B-DS
with	O
penicillin	O
resistant	O
pneumococci	B-OG
and	O
treatment	O
failure	O
were	O
common	O
[	O
11	O
].	O

Clinical	O
assessment	O

We	O
conducted	O
a	O
parental	O
questionnaire	O
,	O
review	O
of	O
clinic	O
medical	O
records	O
,	O
and	O
a	O
clinical	O
assessment	O
.	O

The	O
following	O
information	O
was	O
recorded	O
:	O
date	O
of	O
birth	O
,	O
history	O
of	O
past	O
ear	B-DS
infections	I-DS
,	O
last	O
audiological	O
assessment	O
,	O
pneumococcal	O
immunisation	O
status	O
,	O
and	O
any	O
health	O
problems	O
at	O
the	O
time	O
of	O
examination	O
.	O

Additional	O
OM	B-DS
risk	O
factor	O
data	O
were	O
not	O
collected	O
.	O

All	O
clinical	O
assessments	O
were	O
made	O
by	O
ear	O
health	O
research	O
officers	O
.	O

Assessments	O
were	O
made	O
using	O
a	O
tympanometer	O
(	O
Grason	O
Stadler	O
GSI	O
38	O
),	O
a	O
voroscope	O
(	O
WelchAllyn	O
LumiView	O
)	O
with	O
Siegel	O
'	O
s	O
speculum	O
for	O
pneumatic	O
otoscopy	O
,	O
and	O
a	O
video	O
-	O
otoscope	O
(	O
WelchAllyn	O
).	O

Ear	O
canals	O
were	O
cleaned	O
under	O
direct	O
vision	O
.	O

Data	O
were	O
collected	O
using	O
standardised	O
forms	O
.	O

Video	O
-	O
otoscope	O
images	O
were	O
stored	O
as	O
ATI	O
files	O
using	O
ATI	O
TV	O
Player	O
Version	O
6	O
.	O
0	O
software	O
.	O

All	O
video	O
-	O
otoscope	O
images	O
and	O
tympanograms	O
were	O
later	O
reviewed	O
by	O
a	O
second	O
trained	O
observer	O
.	O

Any	O
disagreements	O
in	O
the	O
assessments	O
were	O
resolved	O
by	O
discussion	O
with	O
the	O
study	O
paediatrician	O
.	O

We	O
categorised	O
middle	O
ear	O
states	O
as	O
follows	O
:	O
(	O
1	O
)	O
normal	O
;	O
(	O
2	O
)	O
otitis	B-DS
media	I-DS
with	I-DS
effusion	I-DS
(	O
OME	B-DS
);	O
(	O
3	O
)	O
acute	B-DS
otitis	I-DS
media	I-DS
without	O
perforation	O
(	O
AOM	B-DS
/	O
woP	O
);	O
(	O
4	O
)	O
AOM	B-DS
with	O
perforation	O
(	O
AOM	B-DS
/	O
wip	O
);	O
(	O
5	O
)	O
dry	O
perforation	O
;	O
and	O
(	O
6	O
)	O
chronic	B-DS
suppurative	I-DS
otitis	I-DS
media	I-DS
(	O
CSOM	B-DS
).	O

We	O
based	O
our	O
criteria	O
for	O
diagnosis	O
on	O
recommendations	O
for	O
clinical	O
practice	O
in	O
this	O
population	O
:[	O
12	O
]	O
(	O
i	O
)	O
OME	B-DS
–	O
intact	O
and	O
non	O
-	O
bulging	O
TM	O
and	O
Type	O
B	O
tympanogram	O
;	O
(	O
ii	O
)	O
AOM	B-DS
/	O
woP	O
–	O
any	O
bulging	O
of	O
the	O
TM	O
and	O
Type	O
B	O
tympanogram	O
;	O
(	O
iii	O
)	O
AOM	B-DS
/	O
wiP	O
–	O
middle	O
ear	O
discharge	O
observed	O
and	O
perforation	O
present	O
for	O
less	O
than	O
six	O
weeks	O
or	O
covering	O
less	O
than	O
2	O
%	O
of	O
the	O
pars	O
tensa	O
of	O
the	O
tympanic	O
membrane	O
;	O
(	O
iv	O
)	O
dry	O
perforation	O
–	O
TM	O
perforation	O
without	O
any	O
discharge	O
observed	O
;	O
(	O
v	O
)	O
CSOM	B-DS
–	O
middle	O
ear	O
discharge	O
observed	O
and	O
perforation	O
present	O
for	O
longer	O
than	O
six	O
weeks	O
and	O
covering	O
at	O
least	O
2	O
%	O
of	O
the	O
pars	O
tensa	O
of	O
the	O
TM	O
.	O

The	O
diagnostic	O
criteria	O
for	O
AOM	B-DS
/	O
woP	O
are	O
the	O
most	O
controversial	O
.	O

Our	O
otoscopic	O
criteria	O
(	O
middle	B-DS
ear	I-DS
effusion	I-DS
plus	O
bulging	O
of	O
the	O
TM	O
)	O
are	O
consistent	O
with	O
national	O
clinical	O
practice	O
guidelines	O
[	O
12	O
]	O
and	O
previous	O
studies	O
in	O
this	O
population	O
[	O
4	O
],	O
a	O
systematic	O
review	O
of	O
international	O
literature	O
[	O
13	O
],	O
and	O
diagnostic	O
studies	O
using	O
tympanocentesis	O
[	O
14	O
-	O
16	O
]	O

The	O
final	O
middle	O
ear	O
diagnosis	O
reflected	O
the	O
child	O
'	O
s	O
more	O
severely	O
affected	O
ear	O
.	O

Perforation	O
of	O
the	O
TM	O
was	O
present	O
if	O
the	O
child	O
had	O
either	O
AOM	B-DS
/	O
wiP	O
,	O
dry	O
perforation	O
,	O
or	O
CSOM	B-DS
.	O

We	O
considered	O
children	O
with	O
a	O
perforation	O
of	O
the	O
TM	O
to	O
have	O
severe	O
OM	B-DS
.	O

We	O
considered	O
children	O
with	O
AOM	B-DS
/	O
woP	O
,	O
AOM	B-DS
/	O
wiP	O
,	O
or	O
CSOM	B-DS
to	O
have	O
suppurative	B-DS
otitis	I-DS
media	I-DS
(	O
presence	O
of	O
a	O
pus	O
producing	O
infection	B-DS
).	O

Ethical	O
considerations	O

Each	O
community	O
was	O
visited	O
by	O
an	O
Aboriginal	O
Liaison	O
Officer	O
.	O

Community	O
involvement	O
was	O
confirmed	O
following	O
negotiation	O
with	O
the	O
local	O
Heath	O
Clinic	O
and	O
Community	O
Council	O
.	O

The	O
study	O
was	O
approved	O
by	O
the	O
Human	O
Research	O
Ethics	O
Committees	O
of	O
the	O
Menzies	O
School	O
of	O
Health	O
Research	O
and	O
the	O
Northern	O
Territory	O
Department	O
of	O
Health	O
and	O
Community	O
Services	O
,	O
and	O
the	O
Central	O
Australian	O
Human	O
Research	O
Ethics	O
Committee	O
.	O

The	O
study	O
was	O
also	O
approved	O
by	O
the	O
research	O
advisory	O
committees	O
of	O
the	O
Tiwi	O
Health	O
Board	O
,	O
Katherine	O
West	O
Health	O
Board	O
,	O
and	O
the	O
Nganampa	O
Health	O
Council	O
.	O

Individual	O
informed	O
consent	O
was	O
obtained	O
from	O
each	O
parent	O
or	O
guardian	O
by	O
a	O
project	O
officer	O
or	O
an	O
Aboriginal	O
Liaison	O
Officer	O
using	O
oral	O
,	O
pictorial	O
,	O
and	O
written	O
explanations	O
.	O

Statistical	O
analysis	O

We	O
used	O
Stata	O
Version	O
8	O
.	O
0	O
to	O
analyse	O
all	O
data	O
[	O
17	O
].	O

The	O
overall	O
numbers	O
and	O
percentages	O
of	O
children	O
with	O
different	O
types	O
of	O
otitis	B-DS
media	I-DS
were	O
described	O
.	O

The	O
95	O
%	O
confidence	O
intervals	O
(	O
95	O
%	O
CI	O
)	O
for	O
these	O
estimates	O
were	O
adjusted	O
to	O
allow	O
for	O
the	O
clustering	O
effect	O
of	O
living	O
within	O
the	O
same	O
community	O
using	O
robust	O
standard	O
errors	O
.	O

Comparisons	O
of	O
the	O
prevalence	O
of	O
severe	O
OM	B-DS
between	O
different	O
regions	O
and	O
communities	O
were	O
made	O
using	O
Fisher	O
'	O
s	O
exact	O
test	O
and	O
Pearson	O
'	O
s	O
chi	O
-	O
squared	O
test	O
adjusted	O
for	O
the	O
design	O
effect	O
of	O
clustering	O
by	O
community	O
.	O

The	O
cumulative	O
probability	O
of	O
experiencing	O
a	O
perforation	O
was	O
estimated	O
by	O
using	O
a	O
Kaplan	O
-	O
Meier	O
survival	O
curve	O
.	O

The	O
first	O
perforation	O
was	O
assumed	O
to	O
occur	O
on	O
the	O
day	O
it	O
was	O
documented	O
in	O
the	O
medical	O
records	O
or	O
on	O
the	O
day	O
of	O
the	O
assessment	O
if	O
it	O
had	O
not	O
been	O
recorded	O
before	O
.	O

A	O
p	O
value	O
of	O
<	O
0	O
.	O
05	O
was	O
considered	O
significant	O
and	O
all	O
statistical	O
tests	O
were	O
two	O
-	O
sided	O
.	O

Results	O

We	O
initially	O
consulted	O
with	O
38	O
communities	O
.	O

29	O
agreed	O
to	O
be	O
in	O
the	O
study	O
.	O

Of	O
the	O
9	O
communities	O
who	O
decided	O
not	O
to	O
participate	O
in	O
the	O
study	O
,	O
three	O
did	O
not	O
regard	O
ear	B-DS
disease	I-DS
in	O
young	O
children	O
as	O
a	O
priority	O
,	O
five	O
regarded	O
ear	B-DS
disease	I-DS
as	O
a	O
priority	O
and	O
were	O
interested	O
in	O
participating	O
(	O
but	O
were	O
unable	O
to	O
confirm	O
approval	O
prior	O
to	O
the	O
proposed	O
visit	O
),	O
and	O
one	O
regarded	O
ear	B-DS
disease	I-DS
as	O
a	O
priority	O
but	O
had	O
insufficient	O
resources	O
to	O
support	O
research	O
.	O

We	O
examined	O
709	O
of	O
the	O
916	O
(	O
78	O
%)	O
children	O
who	O
were	O
eligible	O
to	O
participate	O
in	O
the	O
study	O
.	O

The	O
proportion	O
of	O
eligible	O
children	O
seen	O
in	O
individual	O
communities	O
ranged	O
from	O
42	O
%	O
to	O
100	O
%.	O

Of	O
the	O
207	O
eligible	O
children	O
who	O
were	O
not	O
seen	O
,	O
145	O
were	O
absent	O
from	O
the	O
community	O
at	O
the	O
time	O
of	O
the	O
visit	O
.	O

The	O
other	O
62	O
children	O
either	O
could	O
not	O
be	O
found	O
in	O
the	O
community	O
or	O
were	O
unable	O
to	O
attend	O
the	O
clinic	O
as	O
arranged	O
.	O

The	O
children	O
from	O
the	O
different	O
health	O
regions	O
were	O
similar	O
in	O
terms	O
of	O
age	O
and	O
gender	O
(	O
Table	O
1	O
).	O

Very	O
few	O
children	O
were	O
acutely	O
unwell	O
or	O
febrile	O
at	O
the	O
time	O
of	O
the	O
examination	O
.	O

Twenty	O
-	O
four	O
children	O
(	O
3	O
%)	O
were	O
noted	O
to	O
have	O
another	O
health	O
problem	O
that	O
required	O
medical	O
treatment	O
(	O
mainly	O
skin	B-DS
infections	I-DS
).	O

Parents	O
usually	O
preferred	O
to	O
defer	O
the	O
examination	O
of	O
sick	O
children	O
until	O
they	O
were	O
feeling	O
better	O
.	O

Baseline	O
characteristics	O
of	O
children	O
seen	O
by	O
region	O
.	O

Darwin	O
Rural	O

East	O
Arnhem	O

Katherine	O
District	O

Central	O
Australia	O

All	O
Regions	O

No	O
.	O

(%)	O

No	O
.	O

(%)	O

No	O
.	O

(%)	O

No	O
.	O

(%)	O

No	O
.	O

(%)	O

Total	O
Children	O
Listed	O

347	O

330	O

144	O

229	O

1050	O

Eligible	O
Children	O

299	O
(	O
100	O
%)	O

310	O
(	O
100	O
%)	O

123	O
(	O
100	O
%)	O

184	O
(	O
100	O
%)	O

916	O
(	O
100	O
%)	O

Eligible	O
Children	O
present	O
during	O
study	O
visit	O

270	O
(	O
90	O
%)	O

253	O
(	O
82	O
%)	O

87	O
(	O
71	O
%)	O

161	O
(	O
88	O
%)	O

771	O
(	O
84	O
%)	O

Eligible	O
Children	O
present	O
during	O
study	O
visit	O
and	O
examination	O
performed	O

260	O
(	O
87	O
%)	O

230	O
(	O
74	O
%)	O

83	O
(	O
67	O
%)	O

136	O
(	O
74	O
%)	O

709	O
(	O
77	O
%)	O

Mean	O
Age	O
(	O
months	O
)	O

18	O
.	O
3	O

15	O
.	O
8	O

16	O
.	O
7	O

19	O
.	O
1	O

17	O
.	O
4	O

Male	O

123	O
(	O
48	O
%)	O

126	O
(	O
55	O
%)	O

44	O
(	O
52	O
%)	O

67	O
(	O
49	O
%)	O

360	O
(	O
51	O
%)	O

History	O
of	O
AOM	B-DS

216	O
(	O
83	O
%)	O

157	O
(	O
68	O
%)	O

49	O
(	O
59	O
%)	O

106	O
(	O
78	O
%)	O

528	O
(	O
76	O
%)	O

History	O
of	O
perforation	O

110	O
(	O
42	O
%)	O

86	O
(	O
37	O
%)	O

36	O
(	O
43	O
%)	O

70	O
(	O
51	O
%)	O

302	O
(	O
44	O
%)	O

Abbreviations	O
:	O
No	O
.	O
=	O
number	O
;	O
%	O
=	O
percent	O
;	O
AOM	B-DS
=	O
acute	B-DS
otitis	I-DS
media	I-DS
.	O

Prevalence	O
of	O
middle	B-DS
ear	I-DS
disease	I-DS

The	O
ear	O
examination	O
was	O
completed	O
successfully	O
in	O
698	O
children	O
(	O
98	O
%).	O

In	O
11	O
children	O
,	O
neither	O
tympanic	O
membrane	O
(	O
TM	O
)	O
could	O
be	O
seen	O
.	O

Nearly	O
all	O
children	O
examined	O
(	O
91	O
%,	O
95	O
%	O
CI	O
88	O
,	O
94	O
)	O
had	O
some	O
form	O
of	O
otitis	B-DS
media	I-DS
(	O
Table	O
2	O
).	O

Otitis	B-DS
media	I-DS
(	O
all	O
types	O
)	O
was	O
as	O
common	O
in	O
the	O
children	O
aged	O
6	O
to	O
18	O
months	O
of	O
age	O
(	O
352	O
/	O
378	O
,	O
93	O
%)	O
as	O
in	O
the	O
older	O
children	O
aged	O
18	O
to	O
30	O
months	O
of	O
age	O
(	O
304	O
/	O
331	O
,	O
92	O
%).	O

Severe	O
OM	B-DS
(	O
TM	O
perforation	O
)	O
was	O
less	O
common	O
in	O
younger	O
children	O
(	O
22	O
%	O
versus	O
26	O
%).	O

Boys	O
had	O
a	O
similar	O
prevalence	O
to	O
girls	O
for	O
any	O
OM	B-DS
(	O
92	O
%	O
versus	O
93	O
%)	O
and	O
slightly	O
lower	O
for	O
severe	O
OM	B-DS
(	O
22	O
%	O
versus	O
25	O
%).	O

Children	O
of	O
parents	O
who	O
reported	O
they	O
did	O
not	O
have	O
ear	B-DS
infection	I-DS
on	O
the	O
day	O
of	O
examination	O
were	O
much	O
less	O
likely	O
to	O
have	O
severe	O
OM	B-DS
(	O
48	O
/	O
499	O
,	O
10	O
%	O
versus	O
119	O
/	O
204	O
,	O
58	O
%).	O

Similarly	O
,	O
children	O
who	O
did	O
not	O
have	O
a	O
previous	O
perforation	O
documented	O
in	O
their	O
clinic	O
notes	O
were	O
also	O
much	O
less	O
likely	O
to	O
have	O
severe	O
OM	B-DS
(	O
24	O
/	O
407	O
,	O
6	O
%	O
versus	O
145	O
/	O
302	O
,	O
48	O
%).	O

The	O
prevalence	O
of	O
any	O
OM	B-DS
was	O
similar	O
for	O
both	O
groups	O
.	O

Prevalence	O
of	O
the	O
different	O
types	O
of	O
otitis	B-DS
media	I-DS
in	O
Aboriginal	O
children	O
aged	O
6	O
–	O
30	O
months	O
from	O
remote	O
communities	O
in	O
Northern	O
and	O
Central	O
Australia	O
(	O
95	O
%	O
confidence	O
intervals	O
adjusted	O
for	O
the	O
clustering	O
effect	O
of	O
living	O
in	O
the	O
same	O
community	O
).	O

Diagnosis	O

Children	O
(	O
N	O
=	O
709	O
)	O

Percentage	O
(	O
95	O
%	O
CI	O
)	O

Not	O
determined	O

11	O

2	O
%	O
(	O
0	O
.	O
4	O
,	O
3	O
)	O

Normal	O

53	O

8	O
%	O
(	O
5	O
,	O
10	O
)	O

Unilateral	O
OME	B-DS

72	O

10	O
%	O
(	O
8	O
,	O
12	O
)	O

Bilateral	O
OME	B-DS

219	O

31	O
%	O
(	O
27	O
,	O
34	O
)	O

AOM	B-DS
/	O
woP	O

185	O

26	O
%	O
(	O
23	O
,	O
30	O
)	O

AOM	B-DS
/	O
wiP	O

47	O

7	O
%	O
(	O
4	O
,	O
9	O
)	O

Dry	O
Perforation	O

15	O

2	O
%	O
(	O
1	O
,	O
3	O
)	O

CSOM	B-DS

107	O

15	O
%	O
(	O
11	O
,	O
19	O
)	O

Any	O
suppurative	B-DS
OM	I-DS

339	O

48	O
%	O
(	O
44	O
,	O
52	O
)	O

Any	O
Perforation	O
(	O
Severe	O
OM	B-DS
)	O

169	O

24	O
%	O
(	O
19	O
,	O
29	O
)	O


Any	O
OM	B-DS

647	O

91	O
%	O
(	O
88	O
,	O
94	O
)	O

Abbreviations	O
:	O
N	O
=	O
number	O
;	O
%	O
=	O
percent	O
;	O
CI	O
=	O
confidence	O
interval	O
;	O
OME	B-DS
=	O
otitis	B-DS
media	I-DS
with	I-DS
effusion	I-DS
;	O
AOM	B-DS
/	O
woP	O
=	O
acute	B-DS
otitis	I-DS
media	I-DS
without	O
perforation	O
;	O
AOM	B-DS
/	O
wiP	O
=	O
acute	B-DS
otitis	I-DS
media	I-DS
with	O
perforation	O
;	O
CSOM	B-DS
=	O
chronic	B-DS
suppurative	I-DS
otitis	I-DS
media	I-DS
;	O
OM	B-DS
=	O
otitis	B-DS
media	I-DS
.	O

Eight	O
percent	O
(	O
95	O
%	O
CI	O
5	O
,	O
10	O
)	O
of	O
all	O
children	O
had	O
2	O
normal	O
middle	O
ears	O
.	O

10	O
%	O
(	O
95	O
%	O
CI	O
8	O
,	O
12	O
)	O
had	O
unilateral	O
OME	B-DS
and	O
2	O
%	O
(	O
95	O
%	O
CI	O
1	O
,	O
3	O
)	O
had	O
a	O
dry	O
perforation	O
in	O
their	O
worst	O
affected	O
ear	O
.	O

The	O
remaining	O
80	O
%	O
of	O
children	O
had	O
either	O
bilateral	O
disease	O
or	O
a	O
suppurative	B-DS
infection	I-DS
(	O
AOM	B-DS
or	O
CSOM	B-DS
).	O

Those	O
children	O
with	O
a	O
suppurative	B-DS
infection	I-DS
were	O
treated	O
with	O
antibiotics	O
.	O

Bilateral	O
OME	B-DS
was	O
the	O
most	O
common	O
diagnosis	O
and	O
affected	O
31	O
%	O
(	O
95	O
%	O
CI	O
27	O
,	O
34	O
)	O
of	O
children	O
(	O
Table	O
2	O
).	O

Another	O
26	O
%	O
(	O
95	O
%	O
CI	O
23	O
,	O
30	O
)	O
of	O
children	O
(	O
generally	O
well	O
at	O
the	O
time	O
of	O
assessment	O
)	O
had	O
a	O
bulging	O
TM	O
and	O
were	O
classified	O
as	O
having	O
AOM	B-DS
/	O
woP	O
.	O

7	O
%	O
(	O
95	O
%	O
CI	O
4	O
,	O
9	O
)	O
had	O
recent	O
middle	O
ear	O
discharge	O
(	O
AOM	B-DS
/	O
wiP	O
)	O
and	O
15	O
%	O
(	O
95	O
%	O
CI	O
11	O
,	O
19	O
)	O
had	O
chronic	O
middle	O
ear	O
discharge	O
(	O
CSOM	B-DS
).	O

Overall	O
,	O
24	O
%	O
(	O
95	O
%	O
CI	O
19	O
,	O
29	O
)	O
of	O
children	O
had	O
a	O
perforation	O
of	O
the	O
TM	O
and	O
48	O
%	O
(	O
95	O
%	O
CI	O
44	O
,	O
52	O
)	O
of	O
children	O
had	O
a	O
suppurative	O
ear	B-DS
infection	I-DS
(	O
ie	O
.	O

AOM	B-DS
/	O
woP	O
,	O
AOM	B-DS
/	O
wiP	O
,	O
or	O
CSOM	B-DS
).	O

Community	O
and	O
regional	O
variation	O

In	O
27	O
of	O
the	O
29	O
communities	O
,	O
at	O
least	O
one	O
child	O
examined	O
had	O
a	O
perforation	O
in	O
one	O
or	O
both	O
tympanic	O
membranes	O
(	O
Figure	O
1	O
).	O

The	O
two	O
communities	O
where	O
no	O
child	O
had	O
a	O
perforation	O
were	O
relatively	O
small	O
(	O
community	O
Q	O
-	O
7	O
children	O
examined	O
and	O
community	O
ZA	O
-	O
13	O
children	O
examined	O
).	O

At	O
the	O
other	O
end	O
of	O
the	O
spectrum	O
,	O
in	O
one	O
community	O
three	O
of	O
five	O
of	O
children	O
(	O
60	O
%)	O
had	O
perforations	O
.	O

Since	O
the	O
number	O
of	O
children	O
seen	O
in	O
individual	O
communities	O
was	O
generally	O
small	O
,	O
estimates	O
of	O
perforation	O
prevalence	O
at	O
the	O
community	O
level	O
lack	O
precision	O
.	O

However	O
,	O
the	O
range	O
in	O
perforation	O
rates	O
was	O
substantial	O
(	O
0	O
–	O
60	O
%).	O

Seven	O
communities	O
had	O
a	O
perforation	O
prevalence	O
>	O
35	O
%	O
and	O
six	O
communities	O
had	O
a	O
perforation	O
prevalence	O
<	O
15	O
%	O
(	O
Figure	O
1	O
).	O

These	O
differences	O
in	O
perforation	O
prevalence	O
between	O
communities	O
were	O
unlikely	O
to	O
have	O
occurred	O
by	O
chance	O
(	O
Pearson	O
'	O
s	O
chi	O
-	O
squared	O
test	O
adjusted	O
for	O
design	O
effect	O
,	O
p	O
=	O
0	O
.	O
07	O
).	O

Percentage	O
of	O
children	O
examined	O
with	O
a	O
perforation	O
in	O
each	O
of	O
the	O
29	O
communities	O
at	O
the	O
time	O
of	O
examination	O
.	O

(	O
Number	O
at	O
top	O
of	O
bar	O
represents	O
the	O
total	O
number	O
of	O
children	O
examined	O
).	O

Perforation	O
of	O
the	O
TM	O
affected	O
58	O
/	O
260	O
children	O
(	O
22	O
%)	O
in	O
Darwin	O
Rural	O
,	O
43	O
/	O
230	O
(	O
19	O
%)	O
in	O
East	O
Arnhem	O
,	O
28	O
/	O
83	O
(	O
34	O
%)	O
in	O
Katherine	O
,	O
and	O
40	O
/	O
136	O
(	O
29	O
%)	O
in	O
Central	O
Australia	O
(	O
Figure	O
2	O
).	O

These	O
regional	O
differences	O
were	O
only	O
statistically	O
significant	O
when	O
you	O
assumed	O
that	O
children	O
living	O
within	O
communities	O
were	O
independent	O
(	O
Fisher	O
'	O
s	O
exact	O
test	O
,	O
p	O
=	O
0	O
.	O
015	O
;	O
Pearson	O
'	O
s	O
chi	O
-	O
squared	O
test	O
adjusted	O
for	O
design	O
effect	O
,	O
p	O
=	O
0	O
.	O
12	O
).	O

The	O
community	O
prevalence	O
of	O
severe	O
OM	B-DS
varied	O
from	O
0	O
–	O
38	O
%	O
in	O
Darwin	O
Rural	O
,	O
11	O
–	O
27	O
%	O
in	O
East	O
Arnhem	O
,	O
0	O
–	O
44	O
%	O
in	O
Katherine	O
,	O
and	O
6	O
–	O
60	O
%	O
in	O
Central	O
Australia	O
.	O

The	O
risk	O
of	O
perforation	O
for	O
an	O
individual	O
child	O
was	O
associated	O
with	O
community	O
of	O
residence	O
in	O
the	O
Darwin	O
Rural	O
and	O
Katherine	O
regions	O
(	O
Fisher	O
'	O
s	O
exact	O
test	O
,	O
p	O
=	O
0	O
.	O
022	O
and	O
p	O
=	O
0	O
.	O
028	O
respectively	O
).	O

Percentage	O
of	O
young	O
children	O
from	O
remote	O
communities	O
in	O
Northern	O
and	O
Central	O
Australia	O
with	O
severe	O
otitis	B-DS
media	I-DS
by	O
health	O
region	O
(	O
error	O
bars	O
represent	O
95	O
%	O
confidence	O
intervals	O
adjusted	O
for	O
the	O
clustering	O
effect	O
of	O
living	O
in	O
the	O
same	O
community	O
).	O

Onset	O
of	O
severe	O
otitis	B-DS
media	I-DS

Perforation	O
of	O
the	O
TM	O
remains	O
extremely	O
common	O
in	O
this	O
population	O
.	O

Perforations	O
were	O
documented	O
in	O
the	O
medical	O
records	O
from	O
19	O
days	O
of	O
age	O
(	O
Figure	O
3	O
).	O

Most	O
perforations	O
were	O
first	O
documented	O
in	O
children	O
aged	O
3	O
–	O
18	O
months	O
.	O

By	O
6	O
months	O
of	O
age	O
,	O
14	O
%	O
(	O
95	O
%	O
CI	O
12	O
,	O
17	O
)	O
of	O
children	O
had	O
a	O
documented	O
perforation	O
.	O

This	O
increased	O
to	O
31	O
%	O
(	O
95	O
%	O
CI	O
27	O
,	O
34	O
)	O
by	O
12	O
months	O
and	O
40	O
%	O
(	O
95	O
%	O
CI	O
36	O
,	O
45	O
)	O
by	O
18	O
months	O
of	O
age	O
.	O

Initial	O
perforations	O
were	O
less	O
commonly	O
documented	O
after	O
18	O
months	O
of	O
age	O
.	O

By	O
24	O
months	O
of	O
age	O
,	O
45	O
%	O
(	O
95	O
%	O
CI	O
41	O
,	O
50	O
)	O
of	O
children	O
had	O
a	O
documented	O
perforation	O
.	O

Overall	O
,	O
43	O
%	O
of	O
children	O
aged	O
6	O
–	O
30	O
months	O
in	O
this	O
study	O
had	O
a	O
perforation	O
documented	O
and	O
24	O
%	O
had	O
a	O
perforation	O
at	O
the	O
time	O
of	O
our	O
assessment	O
.	O

Time	O
in	O
days	O
to	O
1st	O
perforation	O
recorded	O
in	O
medical	O
records	O
in	O
young	O
Aboriginal	O
children	O
from	O
29	O
remote	O
communities	O
in	O
Northern	O
and	O
Central	O
Australia	O
.	O

Discussion	O

This	O
is	O
the	O
first	O
study	O
in	O
over	O
twenty	O
years	O
to	O
document	O
the	O
middle	O
ear	O
state	O
of	O
young	O
Aboriginal	O
children	O
from	O
a	O
range	O
of	O
remote	O
communities	O
in	O
Northern	O
and	O
Central	O
Australia	O
.	O

Unfortunately	O
,	O
the	O
rates	O
of	O
OM	B-DS
(	O
all	O
types	O
),	O
TM	O
perforation	O
,	O
and	O
suppurative	B-DS
OM	I-DS
(	O
AOM	B-DS
/	O
woP	O
,	O
AOM	B-DS
/	O
wiP	O
or	O
CSOM	B-DS
)	O
remain	O
extremely	O
high	O
.	O

The	O
impact	O
of	O
severe	O
otitis	B-DS
media	I-DS
on	O
hearing	O
is	O
likely	O
to	O
be	O
significant	O
and	O
may	O
contribute	O
to	O
poor	O
educational	O
and	O
employment	O
outcomes	O
[	O
18	O
].	O

In	O
this	O
study	O
,	O
only	O
20	O
%	O
of	O
children	O
were	O
likely	O
to	O
have	O
normal	O
hearing	O
and	O
did	O
not	O
require	O
medical	O
or	O
audiological	O
treatment	O
.	O

Importantly	O
,	O
there	O
was	O
considerable	O
variation	O
in	O
the	O
prevalence	O
of	O
perforation	O
of	O
the	O
TM	O
and	O
suppurative	B-DS
OM	I-DS
between	O
communities	O
.	O

Relatively	O
few	O
community	O
-	O
based	O
surveys	O
anywhere	O
in	O
the	O
world	O
have	O
described	O
a	O
prevalence	O
of	O
TM	O
perforation	O
higher	O
than	O
5	O
%	O
[	O
19	O
].	O

Based	O
on	O
our	O
results	O
,	O
it	O
would	O
appear	O
that	O
infections	B-DS
associated	O
with	O
middle	B-DS
ear	I-DS
effusion	I-DS
begin	O
early	O
in	O
life	O
and	O
are	O
persistent	O
.	O

Children	O
who	O
are	O
well	O
at	O
routine	O
assessment	O
will	O
often	O
have	O
a	O
bulging	O
TM	O
consistent	O
with	O
AOM	B-DS
.	O

Initial	O
perforations	O
occur	O
early	O
in	O
life	O
.	O

These	O
perforations	O
can	O
heal	O
but	O
a	O
substantial	O
proportion	O
progress	O
to	O
CSOM	B-DS
.	O

Strength	O
of	O
evidence	O
and	O
applicability	O

This	O
survey	O
was	O
conducted	O
in	O
communities	O
across	O
4	O
geographically	O
diverse	O
regions	O
(	O
including	O
the	O
tropical	O
north	O
and	O
central	O
desert	O
).	O

Examinations	O
were	O
standardised	O
and	O
performed	O
by	O
trained	O
observers	O
.	O

We	O
used	O
clear	O
,	O
mutually	O
exclusive	O
definitions	O
for	O
each	O
diagnosis	O
.	O

While	O
some	O
children	O
were	O
absent	O
from	O
the	O
community	O
at	O
the	O
time	O
of	O
our	O
visit	O
,	O
a	O
more	O
comprehensive	O
survey	O
would	O
not	O
have	O
altered	O
the	O
conclusions	O
of	O
this	O
study	O
.	O

The	O
rates	O
of	O
different	O
types	O
of	O
OM	B-DS
are	O
always	O
dependent	O
on	O
the	O
diagnostic	O
criteria	O
used	O
.	O

The	O
diagnosis	O
of	O
OME	B-DS
generally	O
requires	O
either	O
tympanometry	O
or	O
pneumatic	O
otoscopy	O
[	O
20	O
].	O

Tympanometry	O
is	O
likely	O
to	O
be	O
a	O
reliable	O
and	O
objective	O
method	O
of	O
identifying	O
middle	B-DS
ear	I-DS
effusion	I-DS
in	O
this	O
age	O
group	O
.	O

The	O
distinction	O
between	O
a	O
bulging	O
tympanic	O
membrane	O
and	O
a	O
neutral	O
or	O
retracted	O
tympanic	O
membrane	O
in	O
a	O
young	O
child	O
is	O
more	O
difficult	O
[	O
13	O
,	O
21	O
]	O
The	O
use	O
of	O
video	O
-	O
otoscopy	O
and	O
review	O
of	O
all	O
images	O
by	O
a	O
second	O
trained	O
observer	O
improved	O
the	O
consistency	O
of	O
our	O
assessments	O
and	O
allows	O
for	O
our	O
findings	O
to	O
be	O
easily	O
verified	O
.	O

We	O
are	O
therefore	O
confident	O
that	O
bulging	O
TMs	O
are	O
extremely	O
common	O
in	O
this	O
population	O
.	O

Other	O
studies	O
have	O
shown	O
that	O
bulging	O
TMs	O
are	O
excellent	O
predictors	O
of	O
AOM	B-DS
in	O
children	O
(	O
positive	O
likelihood	O
ratio	O
51	O
,	O
95	O
%	O
CI	O
36	O
,	O
73	O
)	O
[	O
13	O
,	O
22	O
].	O

However	O
,	O
we	O
accept	O
that	O
clinicians	O
who	O
define	O
AOM	B-DS
/	O
woP	O
as	O
a	O
condition	O
that	O
requires	O
the	O
recent	O
onset	O
of	O
symptoms	O
would	O
describe	O
different	O
rates	O
of	O
AOM	B-DS
/	O
woP	O
and	O
OME	B-DS
[	O
23	O
,	O
24	O
].	O

The	O
prevalence	O
of	O
severe	O
OM	B-DS
(	O
TM	O
perforation	O
)	O
can	O
be	O
compared	O
to	O
the	O
only	O
other	O
large	O
scale	O
survey	O
of	O
children	O
in	O
this	O
age	O
group	O
[	O
9	O
].	O

Since	O
the	O
previous	O
survey	O
also	O
found	O
20	O
–	O
30	O
%	O
of	O
children	O
in	O
the	O
same	O
region	O
had	O
a	O
perforated	O
TM	O
,	O
it	O
would	O
appear	O
that	O
there	O
have	O
not	O
been	O
substantial	O
improvements	O
over	O
the	O
last	O
25	O
years	O
.	O

While	O
other	O
Indigenous	O
populations	O
(	O
in	O
New	O
Zealand	O
,	O
USA	O
and	O
Canada	O
)	O
have	O
reported	O
reductions	O
in	O
rates	O
of	O
TM	O
perforation	O
,	O
the	O
reasons	O
for	O
this	O
are	O
not	O
clear	O
[	O
25	O
-	O
27	O
].	O

While	O
we	O
can	O
be	O
confident	O
that	O
the	O
overall	O
rates	O
of	O
TM	O
perforation	O
are	O
extremely	O
high	O
in	O
this	O
population	O
(	O
95	O
%	O
CI	O
19	O
to	O
29	O
%),	O
it	O
is	O
more	O
difficult	O
to	O
predict	O
the	O
perforation	O
prevalence	O
for	O
other	O
individual	O
communities	O
.	O

We	O
found	O
substantial	O
variation	O
in	O
rates	O
of	O
TM	O
perforation	O
between	O
communities	O
.	O

There	O
were	O
no	O
obvious	O
reasons	O
for	O
this	O
.	O

The	O
more	O
disadvantaged	O
desert	O
communities	O
did	O
tend	O
to	O
have	O
higher	O
perforation	O
rates	O
but	O
this	O
was	O
not	O
always	O
consistent	O
.	O

In	O
all	O
regions	O
,	O
some	O
communities	O
that	O
appeared	O
to	O
be	O
similar	O
had	O
very	O
different	O
rates	O
of	O
TM	O
perforation	O
.	O

While	O
severe	O
otitis	B-DS
media	I-DS
in	O
remote	O
Aboriginal	O
children	O
is	O
thought	O
to	O
be	O
a	O
disease	O
of	O
poverty	O
,	O
this	O
can	O
be	O
difficult	O
to	O
establish	O
empirically	O
[	O
4	O
].	O

In	O
the	O
analysis	O
of	O
the	O
only	O
national	O
survey	O
of	O
middle	B-DS
ear	I-DS
disease	I-DS
in	O
Aboriginal	O
Australians	O
,	O
low	O
socioeconomic	O
status	O
of	O
community	O
(	O
odds	O
ratio	O
3	O
.	O
3	O
)	O
and	O
inequality	O
within	O
community	O
(	O
odds	O
ratio	O
1	O
.	O
8	O
)	O
were	O
both	O
found	O
to	O
be	O
important	O
risk	O
factors	O
[	O
28	O
].	O

For	O
studies	O
limited	O
to	O
remote	O
Aboriginal	O
communities	O
in	O
our	O
region	O
,	O
the	O
uniformly	O
high	O
levels	O
of	O
unemployment	O
,	O
the	O
lack	O
of	O
educational	O
opportunities	O
,	O
and	O
childrearing	O
within	O
large	O
extended	O
families	O
mean	O
that	O
an	O
accurate	O
assessment	O
of	O
the	O
impact	O
of	O
poverty	O
is	O
difficult	O
.	O

The	O
variation	O
in	O
rates	O
of	O
TM	O
perforation	O
means	O
a	O
local	O
survey	O
using	O
a	O
standardised	O
assessment	O
(	O
including	O
tympanometry	O
and	O
trained	O
observers	O
)	O
or	O
the	O
development	O
of	O
a	O
perforation	O
register	O
would	O
be	O
needed	O
to	O
establish	O
the	O
extent	O
of	O
the	O
problem	O
in	O
a	O
community	O
outside	O
this	O
study	O
.	O

We	O
would	O
strongly	O
recommend	O
focusing	O
on	O
children	O
under	O
3	O
years	O
of	O
age	O
.	O

This	O
is	O
the	O
time	O
when	O
:	O
i	O
)	O
infections	B-DS
are	O
most	O
likely	O
to	O
be	O
acute	O
and	O
thus	O
responsive	O
to	O
treatment	O
;	O
ii	O
)	O
the	O
impact	O
of	O
hearing	O
loss	O
associated	O
with	O
severe	O
ear	B-DS
disease	I-DS
is	O
greatest	O
.	O

Other	O
relevant	O
information	O

The	O
problem	O
of	O
severe	O
OM	B-DS
affecting	O
young	O
Aboriginal	O
children	O
in	O
rural	O
and	O
remote	O
communities	O
around	O
Australia	O
has	O
been	O
appreciated	O
for	O
some	O
time	O
.	O

In	O
addition	O
,	O
suppurative	B-DS
otitis	I-DS
media	I-DS
is	O
a	O
good	O
marker	O
of	O
increased	O
risk	O
for	O
other	O
suppurative	O
respiratory	B-DS
infections	I-DS
.	O

Aboriginal	O
children	O
in	O
this	O
region	O
are	O
known	O
to	O
have	O
extremely	O
high	O
rates	O
of	O
rhinosinusitis	B-DS
,	O
bronchitis	B-DS
,	O
pneumonia	B-DS
,	O
and	O
bronchiectasis	B-DS
[	O
9	O
,	O
29	O
-	O
31	O
].	O

Interventions	O
that	O
are	O
effective	O
in	O
preventing	O
suppurative	B-DS
OM	I-DS
are	O
likely	O
to	O
provide	O
substantial	O
benefits	O
for	O
respiratory	O
health	O
in	O
general	O
.	O

Recommendations	O
for	O
research	O

A	O
follow	O
-	O
up	O
survey	O
of	O
children	O
resident	O
in	O
the	O
same	O
communities	O
after	O
the	O
introduction	O
of	O
the	O
7	O
-	O
valent	O
pneumococcal	O
conjugate	O
vaccine	O
is	O
in	O
progress	O
.	O

In	O
addition	O
to	O
studies	O
evaluating	O
immunisation	O
,	O
we	O
also	O
need	O
investigations	O
into	O
the	O
impact	O
of	O
i	O
)	O
changes	O
in	O
hygiene	O
practices	O
;	O
and	O
ii	O
)	O
changes	O
in	O
antibiotic	O
prescribing	O
and	O
compliance	O
.	O

These	O
studies	O
must	O
focus	O
on	O
young	O
children	O
,	O
especially	O
those	O
under	O
18	O
months	O
of	O
age	O
.	O

Studies	O
assessing	O
the	O
accuracy	O
of	O
diagnosis	O
in	O
remote	O
communities	O
,	O
and	O
the	O
ability	O
of	O
prognostic	O
tools	O
to	O
predict	O
severe	O
OM	B-DS
are	O
also	O
appropriate	O
.	O

The	O
relationship	O
between	O
a	O
bulging	O
TM	O
and	O
perforation	O
needs	O
to	O
be	O
described	O
through	O
longitudinal	O
studies	O
with	O
frequent	O
assessment	O
in	O
a	O
high	O
-	O
risk	O
population	O
.	O

Further	O
surveys	O
in	O
this	O
population	O
should	O
be	O
linked	O
to	O
prioritisation	O
of	O
service	O
delivery	O
,	O
improvements	O
in	O
the	O
quality	O
of	O
health	O
care	O
,	O
or	O
well	O
-	O
designed	O
intervention	O
studies	O
.	O

Recommendations	O
for	O
practice	O

The	O
primary	O
health	O
care	O
priorities	O
in	O
remote	O
communities	O
should	O
be	O
to	O
:	O
i	O
)	O
support	O
strategies	O
that	O
reduce	O
the	O
transmission	O
of	O
bacterial	B-DS
infections	I-DS
to	O
infants	O
and	O
toddlers	O
;	O
ii	O
)	O
encourage	O
timely	O
immunisation	O
;	O
iii	O
)	O
advise	O
on	O
effective	O
communication	O
strategies	O
for	O
hearing	O
impaired	O
children	O
;	O
iv	O
)	O
provide	O
frequent	O
and	O
accurate	O
assessment	O
of	O
middle	B-DS
ear	I-DS
disease	I-DS
in	O
the	O
first	O
18	O
months	O
of	O
life	O
;	O
v	O
)	O
educate	O
families	O
about	O
the	O
appropriate	O
management	O
for	O
different	O
types	O
of	O
ear	B-DS
disease	I-DS
;	O
and	O
vi	O
)	O
help	O
families	O
give	O
prolonged	O
antibiotic	O
treatment	O
to	O
their	O
children	O
with	O
persistent	O
suppurative	B-DS
otitis	I-DS
media	I-DS
.	O

Evidence	O
-	O
based	O
recommendations	O
for	O
clinical	O
practice	O
guidelines	O
for	O
otitis	B-DS
media	I-DS
in	O
Aboriginal	O
and	O
Torres	O
Strait	O
Islander	O
Populations	O
are	O
now	O
available	O
[	O
12	O
]	O
A	O
training	O
video	O
and	O
workbook	O
have	O
been	O
developed	O
to	O
improve	O
the	O
quality	O
of	O
diagnostic	O
assessment	O
in	O
remote	O
communities	O
[	O
21	O
]	O
However	O
,	O
even	O
with	O
perfect	O
primary	O
health	O
care	O
,	O
rates	O
of	O
severe	O
OM	B-DS
may	O
remain	O
high	O
unless	O
we	O
address	O
the	O
extreme	O
poverty	O
,	O
the	O
paucity	O
of	O
educational	O
opportunities	O
,	O
and	O
high	O
unemployment	O
in	O
remote	O
Aboriginal	O
communities	O
.	O

This	O
will	O
require	O
substantial	O
investment	O
into	O
a	O
range	O
of	O
services	O
that	O
include	O
health	O
,	O
education	O
,	O
housing	O
,	O
transportation	O
,	O
and	O
recreation	O
.	O

Conclusion	O

In	O
this	O
standardised	O
assessment	O
of	O
middle	O
ear	O
state	O
in	O
29	O
remote	O
Aboriginal	O
communities	O
,	O
1	O
in	O
every	O
2	O
children	O
(	O
aged	O
between	O
6	O
and	O
30	O
months	O
)	O
had	O
otoscopic	O
signs	O
consistent	O
with	O
suppurative	O
ear	B-DS
disease	I-DS
and	O
1	O
in	O
4	O
children	O
had	O
a	O
perforated	O
tympanic	O
membrane	O
.	O

Some	O
of	O
the	O
children	O
with	O
intact	O
tympanic	O
membranes	O
had	O
experienced	O
a	O
perforation	O
that	O
healed	O
before	O
the	O
survey	O
.	O

In	O
this	O
high	O
-	O
risk	O
population	O
,	O
high	O
rates	O
of	O
tympanic	O
perforation	O
were	O
associated	O
with	O
high	O
rates	O
of	O
bulging	O
of	O
the	O
tympanic	O
membrane	O
.	O

Competing	O
interests	O

Wyeth	O
Vaccines	O
approved	O
the	O
protocol	O
and	O
funded	O
the	O
study	O
.	O

The	O
final	O
decision	O
about	O
the	O
content	O
of	O
the	O
submitted	O
paper	O
was	O
made	O
by	O
the	O
authors	O
.	O

Wyeth	O
Vaccines	O
has	O
also	O
provided	O
travel	O
funding	O
to	O
the	O
Ear	O
Health	O
and	O
Education	O
Unit	O
to	O
attend	O
conferences	O
on	O
pneumococcal	O
disease	O
.	O

Authors	O
'	O
contributions	O

All	O
the	O
authors	O
contributed	O
to	O
the	O
development	O
of	O
the	O
study	O
protocol	O
and	O
the	O
writing	O
of	O
the	O
paper	O
.	O

PM	O
and	O
AL	O
prepared	O
the	O
initial	O
funding	O
application	O
,	O
supervised	O
the	O
protocol	O
development	O
and	O
data	O
collection	O
,	O
completed	O
the	O
analysis	O
,	O
and	O
wrote	O
the	O
first	O
draft	O
of	O
the	O
manuscript	O
.	O

PS	O
wrote	O
the	O
first	O
draft	O
of	O
the	O
study	O
protocol	O
an	O
assisted	O
with	O
the	O
data	O
collection	O
.	O

GM	O
managed	O
the	O
project	O
,	O
organized	O
the	O
field	O
trips	O
,	O
and	O
provided	O
feedback	O
of	O
results	O
to	O
participating	O
communities	O
.	O

GM	O
,	O
CW	O
,	O
EH	O
collected	O
the	O
data	O
.	O

JB	O
prepared	O
the	O
database	O
and	O
cleaned	O
all	O
the	O
data	O
.	O

All	O
authors	O
read	O
and	O
approved	O
the	O
final	O
manuscript	O
.	O

Pre	O
-	O
publication	O
history	O

The	O
pre	O
-	O
publication	O
history	O
for	O
this	O
paper	O
can	O
be	O
accessed	O
here	O
:	O


